<?xml version="1.0" encoding="UTF-8"?>
<project-private xmlns="http://www.netbeans.org/ns/project-private/1">
    <editor-bookmarks xmlns="http://www.netbeans.org/ns/editor-bookmarks/2" lastBookmarkId="0"/>
    <open-files xmlns="http://www.netbeans.org/ns/projectui-open-files/2">
        <group>
            <file>file:/C:/Users/jeffe/OneDrive/Escritorio/PROYECTO/T10-ProgressTeam/06-Code/AirportTaxiScheduling/src/ec/edu/espe/AirportTaxiScheduling/model/DataBase.java</file>
            <file>file:/C:/Users/jeffe/OneDrive/Escritorio/PROYECTO/T10-ProgressTeam/06-Code/AirportTaxiScheduling/src/ec/edu/espe/AirportTaxiScheduling/model/TaxiDriver.java</file>
            <file>file:/C:/Users/jeffe/OneDrive/Escritorio/PROYECTO/T10-ProgressTeam/06-Code/AirportTaxiScheduling/src/ec/edu/espe/AirportTaxiScheduling/view/AirportTaxiScheduling.java</file>
        </group>
    </open-files>
</project-private>
