<?xml version="1.0" encoding="UTF-8"?>
<project-private xmlns="http://www.netbeans.org/ns/project-private/1">
    <editor-bookmarks xmlns="http://www.netbeans.org/ns/editor-bookmarks/2" lastBookmarkId="1"/>
    <open-files xmlns="http://www.netbeans.org/ns/projectui-open-files/2">
        <group>
            <file>file:/C:/Users/erick/Desktop/ESPE/POO/Proyectos%20NetBeans/TrashBinSimulator/src/ec/edu/espe/trashbinsimulator/controller/FileManager.java</file>
            <file>file:/C:/Users/erick/Desktop/ESPE/POO/Proyectos%20NetBeans/TrashBinSimulator/src/ec/edu/espe/trashbinsimulator/view/TrashBinSimulator.java</file>
        </group>
    </open-files>
</project-private>
