<?xml version="1.0" encoding="UTF-8"?>
<project-private xmlns="http://www.netbeans.org/ns/project-private/1">
    <editor-bookmarks xmlns="http://www.netbeans.org/ns/editor-bookmarks/2" lastBookmarkId="0"/>
    <open-files xmlns="http://www.netbeans.org/ns/projectui-open-files/2">
        <group>
            <file>file:/C:/Users/02ale/Desktop/Trabajos/2%20semestre/OOP/Local%20Changes/ws23/src/ec/espe/edu/ws23/view/SalesTax.java</file>
            <file>file:/C:/Users/02ale/Desktop/Trabajos/2%20semestre/OOP/Local%20Changes/ws23/src/ec/edu/espe/ws23/model/Product.java</file>
        </group>
    </open-files>
</project-private>
