<?xml version="1.0" encoding="UTF-8"?>
<project-private xmlns="http://www.netbeans.org/ns/project-private/1">
    <editor-bookmarks xmlns="http://www.netbeans.org/ns/editor-bookmarks/2" lastBookmarkId="0"/>
    <open-files xmlns="http://www.netbeans.org/ns/projectui-open-files/2">
        <group>
            <file>file:/C:/Users/paqui/OneDrive/Escritorio/ESPE/SEGUNDO%20SEMESTRE/POO/ESPE2210-OOPSW7996/ws/lasluisa/u2/ws23%20OOP%20principles/Figures/src/ec/edu/espe/figure/model/Triangle.java</file>
            <file>file:/C:/Users/paqui/OneDrive/Escritorio/ESPE/SEGUNDO%20SEMESTRE/POO/ESPE2210-OOPSW7996/ws/lasluisa/u2/ws23%20OOP%20principles/Figures/src/ec/edu/espe/figure/view/Figure.java</file>
            <file>file:/C:/Users/paqui/OneDrive/Escritorio/ESPE/SEGUNDO%20SEMESTRE/POO/ESPE2210-OOPSW7996/ws/lasluisa/u2/ws23%20OOP%20principles/Figures/src/ec/edu/espe/figure/model/Shape.java</file>
            <file>file:/C:/Users/paqui/OneDrive/Escritorio/ESPE/SEGUNDO%20SEMESTRE/POO/ESPE2210-OOPSW7996/ws/lasluisa/u2/ws23%20OOP%20principles/Figures/src/ec/edu/espe/figure/model/Circle.java</file>
        </group>
    </open-files>
</project-private>
