<?xml version="1.0" encoding="UTF-8"?>
<project-private xmlns="http://www.netbeans.org/ns/project-private/1">
    <editor-bookmarks xmlns="http://www.netbeans.org/ns/editor-bookmarks/2" lastBookmarkId="0"/>
    <open-files xmlns="http://www.netbeans.org/ns/projectui-open-files/2">
        <group>
            <file>file:/E:/documentos/ESPE/SEGUNDO%20NIVEL/POO/T04-DeveloperBears/06-Code/InClass/src/ec/edu/espe/inclass/model/GradeRecord.java</file>
            <file>file:/E:/documentos/ESPE/SEGUNDO%20NIVEL/POO/T04-DeveloperBears/06-Code/InClass/src/ec/edu/espe/inclass/model/AttendanceRecord.java</file>
            <file>file:/E:/documentos/ESPE/SEGUNDO%20NIVEL/POO/T04-DeveloperBears/06-Code/InClass/src/ec/edu/espe/inclass/model/Grade.java</file>
            <file>file:/E:/documentos/ESPE/SEGUNDO%20NIVEL/POO/T04-DeveloperBears/06-Code/InClass/src/ec/edu/espe/inclass/model/Unit.java</file>
            <file>file:/E:/documentos/ESPE/SEGUNDO%20NIVEL/POO/T04-DeveloperBears/06-Code/InClass/src/ec/edu/espe/inclass/view/InClass.java</file>
        </group>
    </open-files>
</project-private>
