<?xml version="1.0" encoding="UTF-8"?>
<project-private xmlns="http://www.netbeans.org/ns/project-private/1">
    <editor-bookmarks xmlns="http://www.netbeans.org/ns/editor-bookmarks/2" lastBookmarkId="0"/>
    <open-files xmlns="http://www.netbeans.org/ns/projectui-open-files/2">
        <group>
            <file>file:/D:/Leonardo%20Yaranga/Escritorio/POO/Cambios%20Locales/question33ExamU1_Yaranga_Leonardo/src/ec/espe/edu/model/question33ExamU1_Yaranga_Leonardo/view/question33ExamU1.java</file>
            <file>file:/D:/Leonardo%20Yaranga/Escritorio/POO/Cambios%20Locales/question33ExamU1_Yaranga_Leonardo/src/question33examu1_yaranga_leonardo/Question33ExamU1_Yaranga_Leonardo.java</file>
        </group>
    </open-files>
</project-private>
