<?xml version="1.0" encoding="UTF-8"?>
<project-private xmlns="http://www.netbeans.org/ns/project-private/1">
    <editor-bookmarks xmlns="http://www.netbeans.org/ns/editor-bookmarks/2" lastBookmarkId="0"/>
    <open-files xmlns="http://www.netbeans.org/ns/projectui-open-files/2">
        <group>
            <file>file:/C:/Users/Ok%20Pc/Desktop/hw09%20121222/stationeryV1.0.0/src/ec/edu/espe/stationery/utils/IncorrectMenuOptionException.java</file>
            <file>file:/C:/Users/Ok%20Pc/Desktop/hw09%20121222/stationeryV1.0.0/src/ec/edu/espe/stationery/model/Notebook.java</file>
            <file>file:/C:/Users/Ok%20Pc/Desktop/hw09%20121222/stationeryV1.0.0/src/ec/edu/espe/stationery/view/Stationery.java</file>
            <file>file:/C:/Users/Ok%20Pc/Desktop/hw09%20121222/stationeryV1.0.0/src/ec/edu/espe/stationery/utils/NullNotebookException.java</file>
            <file>file:/C:/Users/Ok%20Pc/Desktop/hw09%20121222/stationeryV1.0.0/src/ec/edu/espe/stationery/controller/NotebookController.java</file>
        </group>
    </open-files>
</project-private>
