<?xml version="1.0" encoding="UTF-8"?>
<project-private xmlns="http://www.netbeans.org/ns/project-private/1">
    <editor-bookmarks xmlns="http://www.netbeans.org/ns/editor-bookmarks/2" lastBookmarkId="0"/>
    <open-files xmlns="http://www.netbeans.org/ns/projectui-open-files/2">
        <group>
            <file>file:/C:/Users/paqui/OneDrive/Escritorio/ESPE/SEGUNDO%20SEMESTRE/POO/ESPE2210-OOPSW7996/exams/quiroga/unit2/EXAM2/Exam38/src/ec/edu/espe/exam38/view/Exam38.java</file>
            <file>file:/C:/Users/paqui/OneDrive/Escritorio/ESPE/SEGUNDO%20SEMESTRE/POO/ESPE2210-OOPSW7996/exams/quiroga/unit2/EXAM2/Exam38/src/ec/edu/espe/exam38/model/F.java</file>
            <file>file:/C:/Users/paqui/OneDrive/Escritorio/ESPE/SEGUNDO%20SEMESTRE/POO/ESPE2210-OOPSW7996/exams/quiroga/unit2/EXAM2/Exam38/src/ec/edu/espe/exam38/model/C.java</file>
            <file>file:/C:/Users/paqui/OneDrive/Escritorio/ESPE/SEGUNDO%20SEMESTRE/POO/ESPE2210-OOPSW7996/exams/quiroga/unit2/EXAM2/Exam38/src/ec/edu/espe/exam38/model/A.java</file>
            <file>file:/C:/Users/paqui/OneDrive/Escritorio/ESPE/SEGUNDO%20SEMESTRE/POO/ESPE2210-OOPSW7996/exams/quiroga/unit2/EXAM2/Exam38/src/ec/edu/espe/exam38/model/D.java</file>
            <file>file:/C:/Users/paqui/OneDrive/Escritorio/ESPE/SEGUNDO%20SEMESTRE/POO/ESPE2210-OOPSW7996/exams/quiroga/unit2/EXAM2/Exam38/src/ec/edu/espe/exam38/model/H.java</file>
            <file>file:/C:/Users/paqui/OneDrive/Escritorio/ESPE/SEGUNDO%20SEMESTRE/POO/ESPE2210-OOPSW7996/exams/quiroga/unit2/EXAM2/Exam38/src/ec/edu/espe/exam38/model/B.java</file>
            <file>file:/C:/Users/paqui/OneDrive/Escritorio/ESPE/SEGUNDO%20SEMESTRE/POO/ESPE2210-OOPSW7996/exams/quiroga/unit2/EXAM2/Exam38/src/ec/edu/espe/exam38/model/J.java</file>
            <file>file:/C:/Users/paqui/OneDrive/Escritorio/ESPE/SEGUNDO%20SEMESTRE/POO/ESPE2210-OOPSW7996/exams/quiroga/unit2/EXAM2/Exam38/src/ec/edu/espe/exam38/model/E.java</file>
            <file>file:/C:/Users/paqui/OneDrive/Escritorio/ESPE/SEGUNDO%20SEMESTRE/POO/ESPE2210-OOPSW7996/exams/quiroga/unit2/EXAM2/Exam38/src/ec/edu/espe/exam38/model/G.java</file>
        </group>
    </open-files>
</project-private>
