<students>
<student>
<id>1</id>
<name>Edison Lascano</name>
<birthdate>17/12/1970</birthdate>
<GPA>9.0</GPA>
</student>
<student>
<id>2</id>
<name>Jeremy Cuadrado</name>
<birthdate>06/02/2003</birthdate>
<GPA>7.5</GPA>
</student>
</student>
<student>
<id>3</id>
<name>Juan Pinza</name>
<birthdate>15/03/2004</birthdate>
<GPA>8.0</GPA>
</student>
</student>
<student>
<id>4</id>
<name>Lady Cajilina</name>
<birthdate>10/02/1999</birthdate>
<GPA>8.1</GPA>
</student>
<student>
<id>5</id>
<name>Leonardo Yaranga</name>
<birthdate>17/11/2003</birthdate>
<GPA>8.0</GPA>
</student>
</students>