<?xml version="1.0" encoding="UTF-8"?>
<project-private xmlns="http://www.netbeans.org/ns/project-private/1">
    <editor-bookmarks xmlns="http://www.netbeans.org/ns/editor-bookmarks/2" lastBookmarkId="0"/>
    <open-files xmlns="http://www.netbeans.org/ns/projectui-open-files/2">
        <group>
            <file>file:/C:/Users/Dome/Desktop/Segundo%20Semestre/OOP/ESPE2210-OOPSW7996/exams/barrionuevo/unit2/Exam2Theory/Question38_51_BarrionuevoLindsay/src/ec/edu/espe/codediagram/model/H.java</file>
            <file>file:/C:/Users/Dome/Desktop/Segundo%20Semestre/OOP/ESPE2210-OOPSW7996/exams/barrionuevo/unit2/Exam2Theory/Question38_51_BarrionuevoLindsay/src/ec/edu/espe/codediagram/model/A.java</file>
            <file>file:/C:/Users/Dome/Desktop/Segundo%20Semestre/OOP/ESPE2210-OOPSW7996/exams/barrionuevo/unit2/Exam2Theory/Question38_51_BarrionuevoLindsay/src/ec/edu/espe/codediagram/model/B.java</file>
            <file>file:/C:/Users/Dome/Desktop/Segundo%20Semestre/OOP/ESPE2210-OOPSW7996/exams/barrionuevo/unit2/Exam2Theory/Question38_51_BarrionuevoLindsay/src/ec/edu/espe/codediagram/model/E.java</file>
            <file>file:/C:/Users/Dome/Desktop/Segundo%20Semestre/OOP/ESPE2210-OOPSW7996/exams/barrionuevo/unit2/Exam2Theory/Question38_51_BarrionuevoLindsay/src/ec/edu/espe/codediagram/model/F.java</file>
            <file>file:/C:/Users/Dome/Desktop/Segundo%20Semestre/OOP/ESPE2210-OOPSW7996/exams/barrionuevo/unit2/Exam2Theory/Question38_51_BarrionuevoLindsay/src/ec/edu/espe/codediagram/model/J.java</file>
            <file>file:/C:/Users/Dome/Desktop/Segundo%20Semestre/OOP/ESPE2210-OOPSW7996/exams/barrionuevo/unit2/Exam2Theory/Question38_51_BarrionuevoLindsay/src/ec/edu/espe/codediagram/model/C.java</file>
            <file>file:/C:/Users/Dome/Desktop/Segundo%20Semestre/OOP/ESPE2210-OOPSW7996/exams/barrionuevo/unit2/Exam2Theory/Question38_51_BarrionuevoLindsay/src/ec/edu/espe/codediagram/model/G.java</file>
            <file>file:/C:/Users/Dome/Desktop/Segundo%20Semestre/OOP/ESPE2210-OOPSW7996/exams/barrionuevo/unit2/Exam2Theory/Question38_51_BarrionuevoLindsay/src/ec/edu/espe/codediagram/model/D.java</file>
        </group>
    </open-files>
</project-private>
