<?xml version="1.0" encoding="UTF-8"?>
<project-private xmlns="http://www.netbeans.org/ns/project-private/1">
    <editor-bookmarks xmlns="http://www.netbeans.org/ns/editor-bookmarks/2" lastBookmarkId="0"/>
    <open-files xmlns="http://www.netbeans.org/ns/projectui-open-files/2">
        <group>
            <file>file:/C:/Users/user/Desktop/Espe/OOP/ESPE2210-OOPSW7996/exams/enriquez/u1/question33/src/ec/edu/espe/Table/model/Table.java</file>
            <file>file:/C:/Users/user/Desktop/Espe/OOP/ESPE2210-OOPSW7996/exams/enriquez/u1/question33/src/ec/edu/espe/Table/view/Exam.java</file>
        </group>
    </open-files>
</project-private>
