<?xml version="1.0" encoding="UTF-8"?>
<project-private xmlns="http://www.netbeans.org/ns/project-private/1">
    <editor-bookmarks xmlns="http://www.netbeans.org/ns/editor-bookmarks/2" lastBookmarkId="0"/>
    <open-files xmlns="http://www.netbeans.org/ns/projectui-open-files/2">
        <group>
            <file>file:/C:/Users/justi/OneDrive/Documentos/OOP/ESPE2210-OOPSW7996/ws/villarroel/u1/ws16EncapsulationAndAbstraction/EncapsulationAndAbstraction/src/ec/edu/espe/encapsulation/model/Chicken.java</file>
            <file>file:/C:/Users/justi/OneDrive/Documentos/OOP/ESPE2210-OOPSW7996/ws/villarroel/u1/ws16EncapsulationAndAbstraction/EncapsulationAndAbstraction/src/ec/edu/espe/encapsulation/view/ChickenFarm.java</file>
        </group>
    </open-files>
</project-private>
