<?xml version="1.0" encoding="UTF-8"?>
<project-private xmlns="http://www.netbeans.org/ns/project-private/1">
    <editor-bookmarks xmlns="http://www.netbeans.org/ns/editor-bookmarks/2" lastBookmarkId="0"/>
    <open-files xmlns="http://www.netbeans.org/ns/projectui-open-files/2">
        <group>
            <file>file:/C:/Users/paqui/OneDrive/Escritorio/ESPE/SEGUNDO%20SEMESTRE/POO/ESPE2210-OOPSW7996/exams/quiroga/unit1/EXAM1/EXAM1/Ex1CodeSkills_QuirogaFrancisco/src/ec/edu/espe/Ex1CodeSkills_QuirogaFrancisco/controller/FileManager.java</file>
            <file>file:/C:/Users/paqui/OneDrive/Escritorio/ESPE/SEGUNDO%20SEMESTRE/POO/ESPE2210-OOPSW7996/exams/quiroga/unit1/EXAM1/EXAM1/Ex1CodeSkills_QuirogaFrancisco/src/ec/edu/espe/Ex1CodeSkills_QuirogaFrancisco/view/Ex1CodeSkills_QuirogaFrancisco.java</file>
        </group>
    </open-files>
</project-private>
