<?xml version="1.0" encoding="UTF-8"?>
<project-private xmlns="http://www.netbeans.org/ns/project-private/1">
    <editor-bookmarks xmlns="http://www.netbeans.org/ns/editor-bookmarks/2" lastBookmarkId="0"/>
    <open-files xmlns="http://www.netbeans.org/ns/projectui-open-files/2">
        <group>
            <file>file:/C:/Users/paqui/OneDrive/Escritorio/ESPE/SEGUNDO%20SEMESTRE/POO/ESPE2210-OOPSW7996/ws/quiroga/unit2/ws21/Ws21_CRUD/src/ec/edu/espe/ws21_crud/view/Ws21_CRUD.java</file>
            <file>file:/C:/Users/paqui/OneDrive/Escritorio/ESPE/SEGUNDO%20SEMESTRE/POO/ESPE2210-OOPSW7996/ws/quiroga/unit2/ws21/Ws21_CRUD/src/ec/edu/espe/ws21_crud/exception/TwoOptionsException.java</file>
        </group>
    </open-files>
</project-private>
