<?xml version="1.0" encoding="UTF-8"?>
<project-private xmlns="http://www.netbeans.org/ns/project-private/1">
    <editor-bookmarks xmlns="http://www.netbeans.org/ns/editor-bookmarks/2" lastBookmarkId="0"/>
    <open-files xmlns="http://www.netbeans.org/ns/projectui-open-files/2">
        <group>
            <file>file:/C:/Users/Dome/Desktop/Segundo%20Semestre/OOP/ESPE2210-OOPSW7996/ws/barrionuevo/unit2/ws25/LSP/src/lsp/model/Duck.java</file>
            <file>file:/C:/Users/Dome/Desktop/Segundo%20Semestre/OOP/ESPE2210-OOPSW7996/ws/barrionuevo/unit2/ws25/LSP/src/lsp/LSP.java</file>
            <file>file:/C:/Users/Dome/Desktop/Segundo%20Semestre/OOP/ESPE2210-OOPSW7996/ws/barrionuevo/unit2/ws25/LSP/src/lsp/model/Bird.java</file>
            <file>file:/C:/Users/Dome/Desktop/Segundo%20Semestre/OOP/ESPE2210-OOPSW7996/ws/barrionuevo/unit2/ws25/LSP/src/lsp/model/FlyingBird.java</file>
        </group>
    </open-files>
</project-private>
