<?xml version="1.0" encoding="UTF-8"?>
<project-private xmlns="http://www.netbeans.org/ns/project-private/1">
    <editor-bookmarks xmlns="http://www.netbeans.org/ns/editor-bookmarks/2" lastBookmarkId="0"/>
    <open-files xmlns="http://www.netbeans.org/ns/projectui-open-files/2">
        <group>
            <file>file:/C:/Users/Dome/Desktop/JavaApplication10/src/ec/edu/espe/code/model/SoccerPlayers.java</file>
            <file>file:/C:/Users/Dome/Desktop/JavaApplication10/src/ec/edu/espe/code/view/FrmSoccerPlayersAdd.java</file>
            <file>file:/C:/Users/Dome/Desktop/JavaApplication10/src/ec/edu/espe/code/model/SoccerPlayerInformation.java</file>
            <file>file:/C:/Users/Dome/Desktop/JavaApplication10/src/ec/edu/espe/code/controller/DBManager.java</file>
            <file>file:/C:/Users/Dome/Desktop/JavaApplication10/src/ec/edu/espe/code/view/SoccerPlayersHome.java</file>
        </group>
    </open-files>
</project-private>
