<?xml version="1.0" encoding="UTF-8"?>
<project-private xmlns="http://www.netbeans.org/ns/project-private/1">
    <editor-bookmarks xmlns="http://www.netbeans.org/ns/editor-bookmarks/2" lastBookmarkId="0"/>
    <open-files xmlns="http://www.netbeans.org/ns/projectui-open-files/2">
        <group>
            <file>file:/C:/Users/erick/Desktop/ESPE/POO/ESPE2210-OOPSW7996/ws/lasluisa/u2/ws22/Farm/src/ec/edu/espe/farm/model/Chicken.java</file>
            <file>file:/C:/Users/erick/Desktop/ESPE/POO/ESPE2210-OOPSW7996/ws/lasluisa/u2/ws22/Farm/src/ec/edu/espe/farm/view/Farm.java</file>
            <file>file:/C:/Users/erick/Desktop/ESPE/POO/ESPE2210-OOPSW7996/ws/lasluisa/u2/ws22/Farm/src/ec/edu/espe/farm/model/FarmAnimal.java</file>
        </group>
    </open-files>
</project-private>
