{"name":"","id":"","courses":[{"name":"POO","nrc":1010,"studentNumber":0,"students":[{"name":"Dany Torres","espeId":"L00141414","isApproved":false,"attendanceRecord":{"attendanceNumber":0,"totalClassNumber":0},"gradeRecord":{"units":[{"workshops":{"gradeValues":[1.0,4.0],"totalGradePercent":0.2},"homeworks":{"gradeValues":[10.0,5.0],"totalGradePercent":0.2},"tests":{"gradeValues":[8.0],"totalGradePercent":0.25},"exam":{"gradeValues":[7.0],"totalGradePercent":0.35}},{"workshops":{"gradeValues":[7.0],"totalGradePercent":0.2},"homeworks":{"gradeValues":[5.0,10.0],"totalGradePercent":0.2},"tests":{"gradeValues":[10.0],"totalGradePercent":0.25},"exam":{"gradeValues":[9.0],"totalGradePercent":0.35}},{"workshops":{"gradeValues":[10.0],"totalGradePercent":0.2},"homeworks":{"gradeValues":[10.0],"totalGradePercent":0.2},"tests":{"gradeValues":[7.0],"totalGradePercent":0.25},"exam":{"gradeValues":[9.0],"totalGradePercent":0.35}}]}},{"name":"Maria Magdalena","espeId":"L00878787","isApproved":false,"attendanceRecord":{"attendanceNumber":0,"totalClassNumber":0},"gradeRecord":{"units":[{"workshops":{"gradeValues":[1.0,4.0],"totalGradePercent":0.2},"homeworks":{"gradeValues":[10.0,5.0],"totalGradePercent":0.2},"tests":{"gradeValues":[8.0],"totalGradePercent":0.25},"exam":{"gradeValues":[7.0],"totalGradePercent":0.35}},{"workshops":{"gradeValues":[7.0],"totalGradePercent":0.2},"homeworks":{"gradeValues":[5.0,10.0],"totalGradePercent":0.2},"tests":{"gradeValues":[10.0],"totalGradePercent":0.25},"exam":{"gradeValues":[9.0],"totalGradePercent":0.35}},{"workshops":{"gradeValues":[10.0],"totalGradePercent":0.2},"homeworks":{"gradeValues":[10.0],"totalGradePercent":0.2},"tests":{"gradeValues":[7.0],"totalGradePercent":0.25},"exam":{"gradeValues":[8.0],"totalGradePercent":0.35}}]}},{"name":"Alejandro Cuadrado","espeId":"L00278481","isApproved":false,"attendanceRecord":{"attendanceNumber":0,"totalClassNumber":0},"gradeRecord":{"units":[{"workshops":{"gradeValues":[1.0,4.0],"totalGradePercent":0.2},"homeworks":{"gradeValues":[10.0,5.0],"totalGradePercent":0.2},"tests":{"gradeValues":[8.0],"totalGradePercent":0.25},"exam":{"gradeValues":[7.0],"totalGradePercent":0.35}},{"workshops":{"gradeValues":[8.4],"totalGradePercent":0.2},"homeworks":{"gradeValues":[5.0,10.0],"totalGradePercent":0.2},"tests":{"gradeValues":[10.0],"totalGradePercent":0.25},"exam":{"gradeValues":[9.0],"totalGradePercent":0.35}},{"workshops":{"gradeValues":[10.0],"totalGradePercent":0.2},"homeworks":{"gradeValues":[10.0],"totalGradePercent":0.2},"tests":{"gradeValues":[7.0],"totalGradePercent":0.25},"exam":{"gradeValues":[8.0],"totalGradePercent":0.35}}]}},{"name":"Daniel Guaman","espeId":"L00101010","isApproved":false,"attendanceRecord":{"attendanceNumber":0,"totalClassNumber":0},"gradeRecord":{"units":[{"workshops":{"gradeValues":[1.0,4.0],"totalGradePercent":0.2},"homeworks":{"gradeValues":[10.0,5.0],"totalGradePercent":0.2},"tests":{"gradeValues":[8.0],"totalGradePercent":0.25},"exam":{"gradeValues":[7.0],"totalGradePercent":0.35}},{"workshops":{"gradeValues":[8.0],"totalGradePercent":0.2},"homeworks":{"gradeValues":[5.0,10.0],"totalGradePercent":0.2},"tests":{"gradeValues":[10.0],"totalGradePercent":0.25},"exam":{"gradeValues":[8.0],"totalGradePercent":0.35}},{"workshops":{"gradeValues":[10.0],"totalGradePercent":0.2},"homeworks":{"gradeValues":[10.0],"totalGradePercent":0.2},"tests":{"gradeValues":[7.0],"totalGradePercent":0.25},"exam":{"gradeValues":[8.0],"totalGradePercent":0.35}}]}},{"name":"Sheylee Enriquez","espeId":"L00222211","isApproved":false,"attendanceRecord":{"attendanceNumber":0,"totalClassNumber":0},"gradeRecord":{"units":[{"workshops":{"gradeValues":[1.0,4.0],"totalGradePercent":0.2},"homeworks":{"gradeValues":[10.0,5.0],"totalGradePercent":0.2},"tests":{"gradeValues":[8.0],"totalGradePercent":0.25},"exam":{"gradeValues":[7.0],"totalGradePercent":0.35}},{"workshops":{"gradeValues":[8.0],"totalGradePercent":0.2},"homeworks":{"gradeValues":[5.0,10.0],"totalGradePercent":0.2},"tests":{"gradeValues":[10.0],"totalGradePercent":0.25},"exam":{"gradeValues":[9.0],"totalGradePercent":0.35}},{"workshops":{"gradeValues":[10.0],"totalGradePercent":0.2},"homeworks":{"gradeValues":[10.0],"totalGradePercent":0.2},"tests":{"gradeValues":[7.0],"totalGradePercent":0.25},"exam":{"gradeValues":[8.0],"totalGradePercent":0.35}}]}},{"name":"Stephen Drouet","espeId":"L00387508","isApproved":false,"attendanceRecord":{"attendanceNumber":0,"totalClassNumber":0},"gradeRecord":{"units":[{"workshops":{"gradeValues":[1.0,4.0],"totalGradePercent":0.2},"homeworks":{"gradeValues":[10.0,5.0],"totalGradePercent":0.2},"tests":{"gradeValues":[8.0],"totalGradePercent":0.25},"exam":{"gradeValues":[7.0],"totalGradePercent":0.35}},{"workshops":{"gradeValues":[8.0],"totalGradePercent":0.2},"homeworks":{"gradeValues":[5.0,10.0],"totalGradePercent":0.2},"tests":{"gradeValues":[10.0],"totalGradePercent":0.25},"exam":{"gradeValues":[8.0],"totalGradePercent":0.35}},{"workshops":{"gradeValues":[10.0],"totalGradePercent":0.2},"homeworks":{"gradeValues":[10.0],"totalGradePercent":0.2},"tests":{"gradeValues":[7.0],"totalGradePercent":0.25},"exam":{"gradeValues":[8.0],"totalGradePercent":0.35}}]}}],"tutorship":{"date":"Nov 23, 2022, 11:07:42 PM","id":"","name":"","career":"","courseName":""}},{"name":"Usability","nrc":4444,"studentNumber":0,"students":[{"name":"Daniel Carrera","espeId":"L00121212","isApproved":false,"attendanceRecord":{"attendanceNumber":0,"totalClassNumber":0},"gradeRecord":{"units":[{"workshops":{"gradeValues":[],"totalGradePercent":0.2},"homeworks":{"gradeValues":[],"totalGradePercent":0.2},"tests":{"gradeValues":[],"totalGradePercent":0.25},"exam":{"gradeValues":[],"totalGradePercent":0.35}},{"workshops":{"gradeValues":[],"totalGradePercent":0.2},"homeworks":{"gradeValues":[],"totalGradePercent":0.2},"tests":{"gradeValues":[],"totalGradePercent":0.25},"exam":{"gradeValues":[],"totalGradePercent":0.35}},{"workshops":{"gradeValues":[],"totalGradePercent":0.2},"homeworks":{"gradeValues":[],"totalGradePercent":0.2},"tests":{"gradeValues":[],"totalGradePercent":0.25},"exam":{"gradeValues":[],"totalGradePercent":0.35}}]}}],"tutorship":{"date":"Nov 23, 2022, 11:08:01 PM","id":"","name":"","career":"","courseName":""}}],"tutorships":[{"date":"Nov 24, 2022, 2:38:08 AM","id":"L00121212","name":"Carlos Villamar","career":"Software","courseName":"Math"},{"date":"Nov 24, 2022, 2:38:57 AM","id":"L00242424","name":"David Navarrete","career":"Software","courseName":"Object Oriented Programmig"},{"date":"Nov 24, 2022, 2:43:34 AM","id":"ggg111","name":"ggg11","career":"gg1g","courseName":"ggg11"}]}