{"name":"","id":"","courses":[{"name":"POO","nrc":1010,"studentNumber":0,"students":[{"name":"Dany Torres","espeId":"L00141414","isApproved":false,"attendanceRecord":{"attendanceNumber":1,"totalClassNumber":1},"gradeRecord":{"units":[]}},{"name":"Alejandro Cuadrado","espeId":"L00278481","isApproved":false,"attendanceRecord":{"attendanceNumber":1,"totalClassNumber":1},"gradeRecord":{"units":[]}},{"name":"Daniel Guaman","espeId":"L00101010","isApproved":false,"attendanceRecord":{"attendanceNumber":0,"totalClassNumber":1},"gradeRecord":{"units":[]}},{"name":"Sheylee Enriquez","espeId":"L00222211","isApproved":false,"attendanceRecord":{"attendanceNumber":1,"totalClassNumber":1},"gradeRecord":{"units":[]}},{"name":"Stephen Drouet","espeId":"L00387508","isApproved":false,"attendanceRecord":{"attendanceNumber":0,"totalClassNumber":1},"gradeRecord":{"units":[]}}],"tutorship":{"date":"Nov 23, 2022, 11:07:42 PM","id":"","name":"","career":"","courseName":""}},{"name":"Usability","nrc":4444,"studentNumber":0,"students":[{"name":"Daniel Carrera","espeId":"L00121212","isApproved":false,"attendanceRecord":{"attendanceNumber":0,"totalClassNumber":0},"gradeRecord":{"units":[]}}],"tutorship":{"date":"Nov 23, 2022, 11:08:01 PM","id":"","name":"","career":"","courseName":""}}],"tutorships":[{"date":"Nov 24, 2022, 1:13:35 AM","id":"L0874545","name":"juan","career":"turismo","courseName":"calculo"},{"date":"Nov 24, 2022, 1:14:10 AM","id":"L003485","name":"daniel","career":"software","courseName":"fisica"}]}