<?xml version="1.0" encoding="UTF-8"?>
<project-private xmlns="http://www.netbeans.org/ns/project-private/1">
    <editor-bookmarks xmlns="http://www.netbeans.org/ns/editor-bookmarks/2" lastBookmarkId="0"/>
    <open-files xmlns="http://www.netbeans.org/ns/projectui-open-files/2">
        <group>
            <file>file:/C:/Users/Ok%20Pc/Desktop/CUARTO%20SEMESTRE/P.O.O%207996/ESPE2210-OOPSW7996/hw/carrera/u2/hw08/musicstoreV1.0.0/src/ec/edu/espe/musicstore/model/Microphone.java</file>
            <file>file:/C:/Users/Ok%20Pc/Desktop/CUARTO%20SEMESTRE/P.O.O%207996/ESPE2210-OOPSW7996/hw/carrera/u2/hw08/musicstoreV1.0.0/src/ec/edu/espe/musicstore/controller/FileController.java</file>
        </group>
    </open-files>
</project-private>
