<?xml version="1.0" encoding="UTF-8"?>
<project-private xmlns="http://www.netbeans.org/ns/project-private/1">
    <editor-bookmarks xmlns="http://www.netbeans.org/ns/editor-bookmarks/2" lastBookmarkId="0"/>
    <open-files xmlns="http://www.netbeans.org/ns/projectui-open-files/2">
        <group>
            <file>file:/C:/Users/TA/Documents/U%20oct-mar/PROG.%20A%20OBJETOS/ESPE2210-OOPSW7996/exams/tipan/u1/Exam1/src/ec/edu/espe/Exam/model/Chair.java</file>
            <file>file:/C:/Users/TA/Documents/U%20oct-mar/PROG.%20A%20OBJETOS/ESPE2210-OOPSW7996/exams/tipan/u1/Exam1/src/ec/edu/espe/Exam/view/Exam.java</file>
        </group>
    </open-files>
</project-private>
