<?xml version="1.0" encoding="UTF-8"?>
<project-private xmlns="http://www.netbeans.org/ns/project-private/1">
    <editor-bookmarks xmlns="http://www.netbeans.org/ns/editor-bookmarks/2" lastBookmarkId="0"/>
    <open-files xmlns="http://www.netbeans.org/ns/projectui-open-files/2">
        <group>
            <file>file:/D:/Leonardo%20Yaranga/Escritorio/POO/ESPE2210-OOPSW7996/ws/yaranga/u1/ws11FromUmlToCode/ChickenFarmS/src/ec/edu/espe/chickenfarm/model/Chicken.java</file>
            <file>file:/D:/Leonardo%20Yaranga/Escritorio/POO/ESPE2210-OOPSW7996/ws/yaranga/u1/ws11FromUmlToCode/ChickenFarmS/src/chickenfarms/ChickenFarmS.java</file>
            <file>file:/D:/Leonardo%20Yaranga/Escritorio/POO/ESPE2210-OOPSW7996/ws/yaranga/u1/ws11FromUmlToCode/ChickenFarmS/src/ec/edu/espe/chickenfarm/view/ChickenFarmSimulator.java</file>
        </group>
    </open-files>
</project-private>
