<?xml version="1.0" encoding="UTF-8"?>
<project-private xmlns="http://www.netbeans.org/ns/project-private/1">
    <editor-bookmarks xmlns="http://www.netbeans.org/ns/editor-bookmarks/2" lastBookmarkId="0"/>
    <open-files xmlns="http://www.netbeans.org/ns/projectui-open-files/2">
        <group>
            <file>file:/C:/Users/paqui/OneDrive/Escritorio/ESPE/SEGUNDO%20SEMESTRE/POO/ESPE2210-OOPSW7996/ws/quiroga/unit2/ws30Menus/ShopInventory/src/ec/edu/espe/shopinventory/view/FrmAbout.java</file>
            <file>file:/C:/Users/paqui/OneDrive/Escritorio/ESPE/SEGUNDO%20SEMESTRE/POO/ESPE2210-OOPSW7996/ws/quiroga/unit2/ws30Menus/ShopInventory/src/ec/edu/espe/shopinventory/view/FrmBeverage.java</file>
            <file>file:/C:/Users/paqui/OneDrive/Escritorio/ESPE/SEGUNDO%20SEMESTRE/POO/ESPE2210-OOPSW7996/ws/quiroga/unit2/ws30Menus/ShopInventory/src/ec/edu/espe/shopinventory/view/FmrAddBeverage.java</file>
            <file>file:/C:/Users/paqui/OneDrive/Escritorio/ESPE/SEGUNDO%20SEMESTRE/POO/ESPE2210-OOPSW7996/ws/quiroga/unit2/ws30Menus/ShopInventory/src/ec/edu/espe/shopinventory/view/FrmSnack.java</file>
            <file>file:/C:/Users/paqui/OneDrive/Escritorio/ESPE/SEGUNDO%20SEMESTRE/POO/ESPE2210-OOPSW7996/ws/quiroga/unit2/ws30Menus/ShopInventory/src/ec/edu/espe/shopinventory/view/ShopInventory.java</file>
        </group>
    </open-files>
</project-private>
