<?xml version="1.0" encoding="UTF-8"?>
<project-private xmlns="http://www.netbeans.org/ns/project-private/1">
    <editor-bookmarks xmlns="http://www.netbeans.org/ns/editor-bookmarks/2" lastBookmarkId="0"/>
    <open-files xmlns="http://www.netbeans.org/ns/projectui-open-files/2">
        <group>
            <file>file:/C:/Users/paqui/OneDrive/Escritorio/ESPE/SEGUNDO%20SEMESTRE/POO/ESPE2210-OOPSW7996/hw/quiroga/unit2/hw16AntColonySimulator/AntColonySimulator/src/ec/edu/espe/antcolonysimulator/model/Cell.java</file>
            <file>file:/C:/Users/paqui/OneDrive/Escritorio/ESPE/SEGUNDO%20SEMESTRE/POO/ESPE2210-OOPSW7996/hw/quiroga/unit2/hw16AntColonySimulator/AntColonySimulator/src/ec/edu/espe/antcolonysimulator/view/AntColonySimulator.java</file>
            <file>file:/C:/Users/paqui/OneDrive/Escritorio/ESPE/SEGUNDO%20SEMESTRE/POO/ESPE2210-OOPSW7996/hw/quiroga/unit2/hw16AntColonySimulator/AntColonySimulator/src/ec/edu/espe/antcolonysimulator/model/PheromoneDrop.java</file>
            <file>file:/C:/Users/paqui/OneDrive/Escritorio/ESPE/SEGUNDO%20SEMESTRE/POO/ESPE2210-OOPSW7996/hw/quiroga/unit2/hw16AntColonySimulator/AntColonySimulator/src/ec/edu/espe/antcolonysimulator/model/Nest.java</file>
            <file>file:/C:/Users/paqui/OneDrive/Escritorio/ESPE/SEGUNDO%20SEMESTRE/POO/ESPE2210-OOPSW7996/hw/quiroga/unit2/hw16AntColonySimulator/AntColonySimulator/src/ec/edu/espe/antcolonysimulator/model/Ant.java</file>
            <file>file:/C:/Users/paqui/OneDrive/Escritorio/ESPE/SEGUNDO%20SEMESTRE/POO/ESPE2210-OOPSW7996/hw/quiroga/unit2/hw16AntColonySimulator/AntColonySimulator/src/ec/edu/espe/antcolonysimulator/model/FoodPile.java</file>
            <file>file:/C:/Users/paqui/OneDrive/Escritorio/ESPE/SEGUNDO%20SEMESTRE/POO/ESPE2210-OOPSW7996/hw/quiroga/unit2/hw16AntColonySimulator/AntColonySimulator/src/ec/edu/espe/antcolonysimulator/model/Colony.java</file>
            <file>file:/C:/Users/paqui/OneDrive/Escritorio/ESPE/SEGUNDO%20SEMESTRE/POO/ESPE2210-OOPSW7996/hw/quiroga/unit2/hw16AntColonySimulator/AntColonySimulator/src/ec/edu/espe/antcolonysimulator/model/AntEater.java</file>
            <file>file:/C:/Users/paqui/OneDrive/Escritorio/ESPE/SEGUNDO%20SEMESTRE/POO/ESPE2210-OOPSW7996/hw/quiroga/unit2/hw16AntColonySimulator/AntColonySimulator/src/ec/edu/espe/antcolonysimulator/model/SimulatorDisplay.java</file>
            <file>file:/C:/Users/paqui/OneDrive/Escritorio/ESPE/SEGUNDO%20SEMESTRE/POO/ESPE2210-OOPSW7996/hw/quiroga/unit2/hw16AntColonySimulator/AntColonySimulator/src/ec/edu/espe/antcolonysimulator/model/Food.java</file>
            <file>file:/C:/Users/paqui/OneDrive/Escritorio/ESPE/SEGUNDO%20SEMESTRE/POO/ESPE2210-OOPSW7996/hw/quiroga/unit2/hw16AntColonySimulator/AntColonySimulator/src/ec/edu/espe/antcolonysimulator/model/Area.java</file>
        </group>
    </open-files>
</project-private>
