<?xml version="1.0" encoding="UTF-8"?>
<project-private xmlns="http://www.netbeans.org/ns/project-private/1">
    <editor-bookmarks xmlns="http://www.netbeans.org/ns/editor-bookmarks/2" lastBookmarkId="0"/>
    <open-files xmlns="http://www.netbeans.org/ns/projectui-open-files/2">
        <group>
            <file>file:/D:/Leonardo%20Yaranga/Escritorio/POO/ExperimentClases/Ejercicios/Taller%20Principios%20SRP-OCP-LCP/src/taller/principios/srp/ocp/lcp/WrongOCP/EventHandler.java</file>
            <file>file:/D:/Leonardo%20Yaranga/Escritorio/POO/ExperimentClases/Ejercicios/Taller%20Principios%20SRP-OCP-LCP/src/taller/principios/srp/ocp/lcp/WrongLSP/Ostrich.java</file>
            <file>file:/D:/Leonardo%20Yaranga/Escritorio/POO/ExperimentClases/Ejercicios/Taller%20Principios%20SRP-OCP-LCP/src/taller/principios/srp/ocp/lcp/GoodLSP/Ostrich.java</file>
            <file>file:/D:/Leonardo%20Yaranga/Escritorio/POO/ExperimentClases/Ejercicios/Taller%20Principios%20SRP-OCP-LCP/src/taller/principios/srp/ocp/lcp/GoodLSP/Duck.java</file>
            <file>file:/D:/Leonardo%20Yaranga/Escritorio/POO/ExperimentClases/Ejercicios/Taller%20Principios%20SRP-OCP-LCP/src/taller/principios/srp/ocp/lcp/GoodOCP/DrivingMode.java</file>
            <file>file:/D:/Leonardo%20Yaranga/Escritorio/POO/ExperimentClases/Ejercicios/Taller%20Principios%20SRP-OCP-LCP/src/taller/principios/srp/ocp/lcp/WrongSRP/WrongVehicle.java</file>
            <file>file:/D:/Leonardo%20Yaranga/Escritorio/POO/ExperimentClases/Ejercicios/Taller%20Principios%20SRP-OCP-LCP/src/taller/principios/srp/ocp/lcp/WrongOCP/Vehicle.java</file>
            <file>file:/D:/Leonardo%20Yaranga/Escritorio/POO/ExperimentClases/Ejercicios/Taller%20Principios%20SRP-OCP-LCP/src/taller/principios/srp/ocp/lcp/GoodLSP/FlyingBird.java</file>
            <file>file:/D:/Leonardo%20Yaranga/Escritorio/POO/ExperimentClases/Ejercicios/Taller%20Principios%20SRP-OCP-LCP/src/taller/principios/srp/ocp/lcp/WrongLSP/Bird.java</file>
            <file>file:/D:/Leonardo%20Yaranga/Escritorio/POO/ExperimentClases/Ejercicios/Taller%20Principios%20SRP-OCP-LCP/src/taller/principios/srp/ocp/lcp/GoodOCP/Vehicle.java</file>
            <file>file:/D:/Leonardo%20Yaranga/Escritorio/POO/ExperimentClases/Ejercicios/Taller%20Principios%20SRP-OCP-LCP/src/taller/principios/srp/ocp/lcp/GoodOCP/EventHandler.java</file>
            <file>file:/D:/Leonardo%20Yaranga/Escritorio/POO/ExperimentClases/Ejercicios/Taller%20Principios%20SRP-OCP-LCP/src/taller/principios/srp/ocp/lcp/GoodLSP/LSP.java</file>
            <file>file:/D:/Leonardo%20Yaranga/Escritorio/POO/ExperimentClases/Ejercicios/Taller%20Principios%20SRP-OCP-LCP/src/taller/principios/srp/ocp/lcp/GoodOCP/Economy.java</file>
            <file>file:/D:/Leonardo%20Yaranga/Escritorio/POO/ExperimentClases/Ejercicios/Taller%20Principios%20SRP-OCP-LCP/src/taller/principios/srp/ocp/lcp/GoodOCP/Fresh.java</file>
            <file>file:/D:/Leonardo%20Yaranga/Escritorio/POO/ExperimentClases/Ejercicios/Taller%20Principios%20SRP-OCP-LCP/src/taller/principios/srp/ocp/lcp/GoodOCP/Sport.java</file>
            <file>file:/D:/Leonardo%20Yaranga/Escritorio/POO/ExperimentClases/Ejercicios/Taller%20Principios%20SRP-OCP-LCP/src/taller/principios/srp/ocp/lcp/GoodLSP/Bird.java</file>
            <file>file:/D:/Leonardo%20Yaranga/Escritorio/POO/ExperimentClases/Ejercicios/Taller%20Principios%20SRP-OCP-LCP/src/taller/principios/srp/ocp/lcp/WrongLSP/Duck.java</file>
            <file>file:/D:/Leonardo%20Yaranga/Escritorio/POO/ExperimentClases/Ejercicios/Taller%20Principios%20SRP-OCP-LCP/src/taller/principios/srp/ocp/lcp/GoodSRP/GasStation.java</file>
            <file>file:/D:/Leonardo%20Yaranga/Escritorio/POO/ExperimentClases/Ejercicios/Taller%20Principios%20SRP-OCP-LCP/src/taller/principios/srp/ocp/lcp/GoodSRP/Vehicle.java</file>
            <file>file:/D:/Leonardo%20Yaranga/Escritorio/POO/ExperimentClases/Ejercicios/Taller%20Principios%20SRP-OCP-LCP/src/taller/principios/srp/ocp/lcp/WrongLSP/LSP.java</file>
        </group>
    </open-files>
</project-private>
