<?xml version="1.0" encoding="UTF-8"?>
<project-private xmlns="http://www.netbeans.org/ns/project-private/1">
    <editor-bookmarks xmlns="http://www.netbeans.org/ns/editor-bookmarks/2" lastBookmarkId="0"/>
    <open-files xmlns="http://www.netbeans.org/ns/projectui-open-files/2">
        <group>
            <file>file:/C:/Users/luis1/Documents/POO/ESPE202205-OOP-SW-4680/exams/burbanol/unit3/FinalExam/src/ec/edu/espe/finalexam/controller/SortingContext.java</file>
            <file>file:/C:/Users/luis1/Documents/POO/ESPE202205-OOP-SW-4680/exams/burbanol/unit3/FinalExam/src/ec/edu/espe/finalexam/controller/ListNumbersController.java</file>
            <file>file:/C:/Users/luis1/Documents/POO/ESPE202205-OOP-SW-4680/exams/burbanol/unit3/FinalExam/src/ec/edu/espe/finalexam/controller/BubbleSort.java</file>
            <file>file:/C:/Users/luis1/Documents/POO/ESPE202205-OOP-SW-4680/exams/burbanol/unit3/FinalExam/src/ec/edu/espe/finalexam/controller/SortingStrategy.java</file>
            <file>file:/C:/Users/luis1/Documents/POO/ESPE202205-OOP-SW-4680/exams/burbanol/unit3/FinalExam/src/ec/edu/espe/finalexam/view/SortApp.java</file>
            <file>file:/C:/Users/luis1/Documents/POO/ESPE202205-OOP-SW-4680/exams/burbanol/unit3/FinalExam/src/ec/edu/espe/finalexam/controller/QuickSort.java</file>
        </group>
    </open-files>
</project-private>
