<?xml version="1.0" encoding="UTF-8"?>
<project-private xmlns="http://www.netbeans.org/ns/project-private/1">
    <editor-bookmarks xmlns="http://www.netbeans.org/ns/editor-bookmarks/2" lastBookmarkId="0"/>
    <open-files xmlns="http://www.netbeans.org/ns/projectui-open-files/2">
        <group>
            <file>file:/C:/Users/User/Desktop/2DO%20SEMESTRE/P.O.O/ESPE2210-OOPSW7996/hw/suquillo/u2/HW15/HW15/src/ec/edu/espe/hw15/view/SimulatorDisplay.java</file>
            <file>file:/C:/Users/User/Desktop/2DO%20SEMESTRE/P.O.O/ESPE2210-OOPSW7996/hw/suquillo/u2/HW15/HW15/src/ec/edu/espe/hw15/model/AntEater.java</file>
            <file>file:/C:/Users/User/Desktop/2DO%20SEMESTRE/P.O.O/ESPE2210-OOPSW7996/hw/suquillo/u2/HW15/HW15/src/ec/edu/espe/hw15/model/PheromoneDrop.java</file>
            <file>file:/C:/Users/User/Desktop/2DO%20SEMESTRE/P.O.O/ESPE2210-OOPSW7996/hw/suquillo/u2/HW15/HW15/src/ec/edu/espe/hw15/model/Nest.java</file>
            <file>file:/C:/Users/User/Desktop/2DO%20SEMESTRE/P.O.O/ESPE2210-OOPSW7996/hw/suquillo/u2/HW15/HW15/src/ec/edu/espe/hw15/model/Ant.java</file>
            <file>file:/C:/Users/User/Desktop/2DO%20SEMESTRE/P.O.O/ESPE2210-OOPSW7996/hw/suquillo/u2/HW15/HW15/src/ec/edu/espe/hw15/model/Area.java</file>
            <file>file:/C:/Users/User/Desktop/2DO%20SEMESTRE/P.O.O/ESPE2210-OOPSW7996/hw/suquillo/u2/HW15/HW15/src/ec/edu/espe/hw15/model/Cell.java</file>
            <file>file:/C:/Users/User/Desktop/2DO%20SEMESTRE/P.O.O/ESPE2210-OOPSW7996/hw/suquillo/u2/HW15/HW15/src/ec/edu/espe/hw15/model/FoodPile.java</file>
            <file>file:/C:/Users/User/Desktop/2DO%20SEMESTRE/P.O.O/ESPE2210-OOPSW7996/hw/suquillo/u2/HW15/HW15/src/ec/edu/espe/hw15/model/Food.java</file>
            <file>file:/C:/Users/User/Desktop/2DO%20SEMESTRE/P.O.O/ESPE2210-OOPSW7996/hw/suquillo/u2/HW15/HW15/src/ec/edu/espe/hw15/model/Colony.java</file>
        </group>
    </open-files>
</project-private>
