<students>
 <student>
	<id>1</id>
	<name>Edison Lascano</name>
	<birthDate>17/12/1970</birthDate>
	<gpa>9.0</gpa>
 </student>
 <student>
	<id>2</id>
	<name>Alejandro Andrade</name>
	<birthDate>18/08/2003</birthDate>
	<gpa>7.5</gpa>
 </student>
 <student>
 	<id>3</id>
	<name>Jeremy Cuadrado</name>
	<birthDate>06/02/2003</birthDate>
	<gpa>8.0</gpa>
 </student>
  <student>
 	<id>4</id>
	<name>Juan Gutierrez</name>
	<birthDate>17/10/2001</birthDate>
	<gpa>7.0</gpa>
 </student>
</students>