[{"id":1,"name":"Susy","color":"white","age":5,"isMolting":false},{"id":2,"name":"Tata","color":"black","age":8,"isMolting":false},{"id":3,"name":"Koya","color":"Brown","age":11,"isMolting":false},{"id":4,"name":"RJ","color":"white","age":5,"isMolting":false},{"id":5,"name":"Teodoro","color":"Reddish and Black","age":9,"isMolting":false},{"id":6,"name":"Oliver","color":"White","age":4,"isMolting":false},{"id":74,"name":"Margott","color":"Brown","age":9,"isMolting":false},{"id":96,"name":"Churos Locos","color":"White","age":6,"isMolting":false},{"id":99,"name":"Snarcho","color":"black","age":1,"isMolting":false}]