<?xml version="1.0" encoding="UTF-8"?>
<project-private xmlns="http://www.netbeans.org/ns/project-private/1">
    <editor-bookmarks xmlns="http://www.netbeans.org/ns/editor-bookmarks/2" lastBookmarkId="0"/>
    <open-files xmlns="http://www.netbeans.org/ns/projectui-open-files/2">
        <group>
            <file>file:/C:/Users/paqui/OneDrive/Escritorio/ESPE/SEGUNDO%20SEMESTRE/POO/ESPE2210-OOPSW7996/ws/quiroga/unit2/ws26/SOLID/src/WrongLSP/LSP.java</file>
            <file>file:/C:/Users/paqui/OneDrive/Escritorio/ESPE/SEGUNDO%20SEMESTRE/POO/ESPE2210-OOPSW7996/ws/quiroga/unit2/ws26/SOLID/src/WrongLSP/Bird.java</file>
            <file>file:/C:/Users/paqui/OneDrive/Escritorio/ESPE/SEGUNDO%20SEMESTRE/POO/ESPE2210-OOPSW7996/ws/quiroga/unit2/ws26/SOLID/src/GoodLSP/FlyingBird.java</file>
            <file>file:/C:/Users/paqui/OneDrive/Escritorio/ESPE/SEGUNDO%20SEMESTRE/POO/ESPE2210-OOPSW7996/ws/quiroga/unit2/ws26/SOLID/src/GoodOCP/Economy.java</file>
            <file>file:/C:/Users/paqui/OneDrive/Escritorio/ESPE/SEGUNDO%20SEMESTRE/POO/ESPE2210-OOPSW7996/ws/quiroga/unit2/ws26/SOLID/src/GoodLSP/Ostrich.java</file>
            <file>file:/C:/Users/paqui/OneDrive/Escritorio/ESPE/SEGUNDO%20SEMESTRE/POO/ESPE2210-OOPSW7996/ws/quiroga/unit2/ws26/SOLID/src/GoodOCP/Vehicle.java</file>
            <file>file:/C:/Users/paqui/OneDrive/Escritorio/ESPE/SEGUNDO%20SEMESTRE/POO/ESPE2210-OOPSW7996/ws/quiroga/unit2/ws26/SOLID/src/GoodLSP/Duck.java</file>
            <file>file:/C:/Users/paqui/OneDrive/Escritorio/ESPE/SEGUNDO%20SEMESTRE/POO/ESPE2210-OOPSW7996/ws/quiroga/unit2/ws26/SOLID/src/WrongLSP/Ostrich.java</file>
            <file>file:/C:/Users/paqui/OneDrive/Escritorio/ESPE/SEGUNDO%20SEMESTRE/POO/ESPE2210-OOPSW7996/ws/quiroga/unit2/ws26/SOLID/src/GoodSRP/FuelTank.java</file>
            <file>file:/C:/Users/paqui/OneDrive/Escritorio/ESPE/SEGUNDO%20SEMESTRE/POO/ESPE2210-OOPSW7996/ws/quiroga/unit2/ws26/SOLID/src/WrongOCP/Vehicle.java</file>
            <file>file:/C:/Users/paqui/OneDrive/Escritorio/ESPE/SEGUNDO%20SEMESTRE/POO/ESPE2210-OOPSW7996/ws/quiroga/unit2/ws26/SOLID/src/GoodOCP/Sport.java</file>
            <file>file:/C:/Users/paqui/OneDrive/Escritorio/ESPE/SEGUNDO%20SEMESTRE/POO/ESPE2210-OOPSW7996/ws/quiroga/unit2/ws26/SOLID/src/GoodOCP/Confort.java</file>
            <file>file:/C:/Users/paqui/OneDrive/Escritorio/ESPE/SEGUNDO%20SEMESTRE/POO/ESPE2210-OOPSW7996/ws/quiroga/unit2/ws26/SOLID/src/WrongSRP/Vehicle.java</file>
            <file>file:/C:/Users/paqui/OneDrive/Escritorio/ESPE/SEGUNDO%20SEMESTRE/POO/ESPE2210-OOPSW7996/ws/quiroga/unit2/ws26/SOLID/src/WrongLSP/Duck.java</file>
            <file>file:/C:/Users/paqui/OneDrive/Escritorio/ESPE/SEGUNDO%20SEMESTRE/POO/ESPE2210-OOPSW7996/ws/quiroga/unit2/ws26/SOLID/src/GoodLSP/LSP.java</file>
            <file>file:/C:/Users/paqui/OneDrive/Escritorio/ESPE/SEGUNDO%20SEMESTRE/POO/ESPE2210-OOPSW7996/ws/quiroga/unit2/ws26/SOLID/src/GoodOCP/DrivingMode.java</file>
            <file>file:/C:/Users/paqui/OneDrive/Escritorio/ESPE/SEGUNDO%20SEMESTRE/POO/ESPE2210-OOPSW7996/ws/quiroga/unit2/ws26/SOLID/src/GoodSRP/Vehicle.java</file>
            <file>file:/C:/Users/paqui/OneDrive/Escritorio/ESPE/SEGUNDO%20SEMESTRE/POO/ESPE2210-OOPSW7996/ws/quiroga/unit2/ws26/SOLID/src/GoodLSP/Bird.java</file>
            <file>file:/C:/Users/paqui/OneDrive/Escritorio/ESPE/SEGUNDO%20SEMESTRE/POO/ESPE2210-OOPSW7996/ws/quiroga/unit2/ws26/SOLID/src/GoodOCP/EventHandler.java</file>
            <file>file:/C:/Users/paqui/OneDrive/Escritorio/ESPE/SEGUNDO%20SEMESTRE/POO/ESPE2210-OOPSW7996/ws/quiroga/unit2/ws26/SOLID/src/WrongOCP/EventHandler.java</file>
        </group>
    </open-files>
</project-private>
